{"cameraMode":{"drawMode":0,"name":"Shaded","section":"Shading Mode"},"sceneLighting":true,"audioPlay":false,"sceneViewState":{"showFog":true,"showMaterialUpdate":false,"showSkybox":true,"showFlares":true,"showImageEffects":true,"showParticleSystems":true},"in2DMode":false,"pivot":{"x":23.767086029052736,"y":5.011433124542236,"z":13.554978370666504},"rotation":{"x":-0.06206927075982094,"y":0.93772292137146,"z":-0.23127587139606477,"w":-0.2516638934612274},"size":0.5169790983200073,"orthographic":false}