{"cameraMode":{"drawMode":0,"name":"Shaded","section":"Shading Mode"},"sceneLighting":true,"audioPlay":false,"sceneViewState":{"showFog":true,"showMaterialUpdate":false,"showSkybox":true,"showFlares":true,"showImageEffects":true,"showParticleSystems":true},"in2DMode":false,"pivot":{"x":55.204498291015628,"y":-25.42905044555664,"z":-5.2411346435546879},"rotation":{"x":0.030845049768686296,"y":0.8575270175933838,"z":-0.5108969807624817,"w":0.051772452890872958},"size":109.74609375,"orthographic":false}