{"cameraMode":{"drawMode":0,"name":"Shaded","section":"Shading Mode"},"sceneLighting":true,"audioPlay":false,"sceneViewState":{"showFog":true,"showMaterialUpdate":false,"showSkybox":true,"showFlares":true,"showImageEffects":true,"showParticleSystems":true},"in2DMode":false,"pivot":{"x":30.40557861328125,"y":-10.391090393066407,"z":-4.0441741943359379},"rotation":{"x":-0.0593038871884346,"y":0.9406895637512207,"z":-0.2380039542913437,"w":-0.2343934029340744},"size":82.41947937011719,"orthographic":false}