{"cameraMode":{"drawMode":0,"name":"Shaded","section":"Shading Mode"},"sceneLighting":true,"audioPlay":false,"sceneViewState":{"showFog":true,"showMaterialUpdate":false,"showSkybox":true,"showFlares":true,"showImageEffects":true,"showParticleSystems":true},"in2DMode":false,"pivot":{"x":24.27680778503418,"y":5.7069091796875,"z":17.26856231689453},"rotation":{"x":-0.14212997257709504,"y":0.8561948537826538,"z":-0.321111261844635,"w":-0.3789684772491455},"size":11.292771339416504,"orthographic":false}