{"cameraMode":{"drawMode":0,"name":"Shaded","section":"Shading Mode"},"sceneLighting":true,"audioPlay":false,"sceneViewState":{"showFog":true,"showMaterialUpdate":false,"showSkybox":true,"showFlares":true,"showImageEffects":true,"showParticleSystems":true},"in2DMode":false,"pivot":{"x":26.58767318725586,"y":3.609957218170166,"z":13.69249153137207},"rotation":{"x":-0.020471403375267984,"y":0.9731069207191467,"z":-0.09548388421535492,"w":-0.2086305022239685},"size":6.302000045776367,"orthographic":false}